mmsi,label,detail
10421670,Purse seine,
123450020,Purse seine,
123450800,Purse seine,
203226200,Passenger,sail
203745200,Passenger,yacht
205226410,Passenger,sail
205257010,Passenger,sail
205400000,Cargo,bulk carrier
205519000,Cargo,bulk carrier
205548000,Tanker,tanker
205788510,Passenger,sail
205831310,Passenger,sail
205844210,Passenger,sail
209032000,Cargo,bulk carrier
209048000,Cargo,bulk carrier
209086000,Cargo,bulk carrier
209187000,Cargo,bulk carrier
209188000,Cargo,cargo
209250000,Cargo,cargo
209355000,Cargo,cargo
209394000,Tanker,tanker
209486000,Cargo,cargo
209489000,,drilling
209605000,Cargo,bulk carrier
209632000,Tanker,tanker
209694000,Cargo,bulk carrier
209745000,Cargo,bulk carrier
209817000,Cargo,bulk carrier
209819000,Cargo,bulk carrier
209854000,Cargo,bulk carrier
209933000,Cargo,bulk carrier
210137000,Tanker,tanker
210261000,Cargo,bulk carrier
210333000,Tanker,tanker
210347000,Cargo,cargo
210409000,Cargo,container
210449000,Tanker,tanker
210452000,Cargo,bulk carrier
210473000,Cargo,container
210479000,Cargo,bulk carrier
210490000,Tanker,tanker
210786000,Cargo,cargo
210916000,Cargo,bulk carrier
211118960,Passenger,sail
211125000,Cargo,container
211128000,Cargo,container
211140000,Cargo,container
211180600,Passenger,sail
211206910,Passenger,sail
211207270,Trawler,
211214200,Trawler,
211256380,Cargo,container
211317420,Passenger,yacht
211335760,Cargo,container
211341030,Passenger,sail
211350180,Passenger,sail
211378110,Cargo,container
211394200,Cargo,container
211422810,Passenger,sail
211424450,Cargo,container
211465000,Cargo,container
211473160,Passenger,sail
211485840,Passenger,sail
211499080,Passenger,yacht
211504860,Passenger,sail
211526530,Passenger,sail
211528650,Passenger,sail
211554700,Passenger,sail
211570180,Passenger,sail
211580000,Cargo,container
211611000,Cargo,container
211691000,Cargo,container
211693000,Cargo,container
211727000,Cargo,container
211728000,Cargo,container
211738000,Cargo,container
211755000,Cargo,container
211771000,Cargo,container
212089000,Cargo,bulk carrier
212236000,Cargo,container
212258000,Cargo,bulk carrier
212275000,Cargo,bulk carrier
212280000,Cargo,cargo
212344000,Cargo,bulk carrier
212586000,Cargo,bulk carrier
212602000,Cargo,bulk carrier
212735000,Cargo,bulk carrier
212808000,Cargo,bulk carrier
212865000,Cargo,container
212871000,Tanker,tanker
212925000,Cargo,container
215083000,Cargo,bulk carrier
215120000,Cargo,bulk carrier
215190000,Cargo,cargo
215286000,Tanker,tanker
215308000,Passenger,yacht
215391000,Cargo,cargo
215439000,Cargo,cargo
215522000,Cargo,bulk carrier
215599000,Cargo,bulk carrier
215739000,Tanker,tanker
215772000,Cargo,bulk carrier
215929000,Cargo,cargo
218025000,Cargo,container
218082000,Cargo,container
218087000,Cargo,container
218132000,Cargo,container
218509000,Cargo,cargo
218560000,Cargo,container
218742000,,port tender
218744000,Cargo,container
218764000,Cargo,container
219018658,Passenger,sail
219257000,Trawler,
219269000,Tanker,tanker
219363000,Cargo,cargo
219398000,Tanker,tanker
219414000,Tanker,tanker
219488000,Tanker,tanker
219882000,Cargo,container
220198000,Cargo,container
220207000,Cargo,container
220216000,Cargo,container
220216004,Cargo,bulk carrier
220301000,Tanker,tanker
220373000,Tanker,tanker
220521000,Tanker,tanker
220560000,Tanker,tanker
220596000,Cargo,container
224001440,Passenger,sail
224051350,Longliner,
224068000,Longliner,
224072000,Tanker,tanker
224089000,Purse seine,
224098250,Longliner,
224108130,Longliner,
224124000,,reefer
224152000,Tanker,tanker
224166160,Trawler,
224175430,Longliner,
224181230,Trawler,
224184480,Passenger,sail
224204520,Trawler,
224241000,Longliner,
224252000,Longliner,
224259000,Longliner,
224261000,Longliner,
224263000,Tanker,tanker
224342000,Longliner,
224356930,Passenger,sail
224436000,Tanker,tanker
224523000,Purse seine,
224578000,Longliner,
224581000,Longliner,
224606000,Tanker,tanker
224651000,Purse seine,
224680000,Purse seine,
224782000,Purse seine,
224892000,Longliner,
224901000,Trawler,
225420000,Tanker,tanker
225983597,Longliner,
226150000,Trawler,
226180000,Purse seine,
226317000,Tanker,tanker
227025970,Passenger,sail
227036970,Passenger,sail
227091690,Passenger,sail
227114690,Passenger,sail
227140790,Passenger,yacht
227159210,Passenger,sail
227192370,Passenger,sail
227204390,Passenger,yacht
227221550,Passenger,sail
227250120,Passenger,sail
227261470,Passenger,sail
227261790,Passenger,sail
227264090,Passenger,sail
227267620,Passenger,sail
227336000,Trawler,
227474000,Trawler,
227532940,Passenger,yacht
227588590,Passenger,sail
228011800,Passenger,sail
228173600,Passenger,sail
228203800,Trawler,
228216600,Purse seine,
228248800,Passenger,sail
228257700,Passenger,sail
228301600,Trawler,
228311900,Passenger,sail
228316600,Tanker,tanker
228338600,Cargo,container
228340900,Cargo,container
228353600,Cargo,container
229010000,Cargo,bulk carrier
229036000,Tanker,tanker
229037000,Tanker,tanker
229052000,Tug,tug
229069000,Tanker,tanker
229164000,Cargo,bulk carrier
229167000,Passenger,sail
229201000,Cargo,bulk carrier
229208000,Tanker,tanker
229214000,Cargo,bulk carrier
229219000,Cargo,bulk carrier
229263000,Cargo,container
229266000,Cargo,bulk carrier
229341000,Cargo,container
229376000,Cargo,bulk carrier
229395000,Cargo,bulk carrier
229402000,Cargo,bulk carrier
229411000,Cargo,bulk carrier
229457000,Cargo,bulk carrier
229469000,Cargo,container
229475000,Tanker,tanker
229479000,,pilot
229524000,Cargo,bulk carrier
229530000,Cargo,bulk carrier
229554000,Cargo,bulk carrier
229557000,Cargo,container
229575000,,reefer
229644000,,fish carrier
229646000,Cargo,container
229708000,Cargo,bulk carrier
229737000,Cargo,cargo
229760000,Cargo,bulk carrier
229824000,Cargo,container
229843000,Cargo,bulk carrier
230990000,Trawler,
231036000,Trawler,
231045000,Trawler,
231145000,Longliner,
231159000,Longliner,
231835000,Trawler,
232004518,Passenger,sail
232004960,Passenger,sail
232095000,Tanker,tanker
232204000,Passenger,sail
232240000,Cargo,bulk carrier
232480000,Cargo,bulk carrier
232747000,Passenger,yacht
232872000,Cargo,vehicle carrier
234052000,Trawler,
234889000,Tanker,tanker
234999086,,pilot
235003910,Cargo,container
235006350,Cargo,cargo
235007140,Passenger,yacht
235007790,Cargo,bulk carrier
235010700,,research
235011050,Cargo,vehicle carrier
235011580,Cargo,bulk carrier
235011770,Passenger,sail
235016927,Passenger,sail
235032253,Passenger,sail
235058697,Cargo,bulk carrier
235059376,Cargo,vehicle carrier
235060453,Tanker,tanker
235060454,Tanker,tanker
235063337,Tanker,tanker
235066826,Passenger,sail
235068031,Cargo,container
235068238,Passenger,sail
235068366,Passenger,yacht
235070011,Tanker,tanker
235070031,Tanker,tanker
235070707,Cargo,bulk carrier
235070716,Cargo,cargo
235074967,Cargo,bulk carrier
235075032,Passenger,yacht
235076456,Passenger,sail
235076734,Cargo,bulk carrier
235076932,Passenger,sail
235077745,Passenger,sail
235078558,Trawler,
235079725,Cargo,bulk carrier
235079813,Passenger,yacht
235080525,Tug,tug
235081665,Tanker,tanker
235081957,Tanker,tanker
235082449,Cargo,container
235083804,Passenger,sail
235084084,Passenger,sail
235084501,Tanker,tanker
235086113,Tanker,tanker
235086622,Tanker,tanker
235086877,Passenger,sail
235087579,Cargo,cargo
235089701,Passenger,sail
235089707,Passenger,sail
235090079,Cargo,bulk carrier
235095135,Passenger,sail
235097081,Passenger,sail
235099968,Passenger,sail
235100377,Cargo,bulk carrier
235102465,Cargo,bulk carrier
235103721,Cargo,bulk carrier
235105197,Cargo,bulk carrier
235115000,Tanker,tanker
235374000,Tanker,tanker
235484000,Tanker,tanker
235496000,Tanker,tanker
235630000,Tanker,tanker
235637000,Tanker,tanker
235739000,Passenger,yacht
235778000,Tanker,tanker
235844000,Cargo,cargo
236111696,Cargo,bulk carrier
236111851,,research
236111881,Cargo,vehicle carrier
236111882,Cargo,vehicle carrier
236111884,Cargo,vehicle carrier
236111886,Cargo,vehicle carrier
236111887,Cargo,vehicle carrier
236111888,Cargo,vehicle carrier
236111893,Tanker,tanker
236111894,Tanker,tanker
236384000,,research
236536000,Cargo,cargo
237632800,Passenger,sail
237916000,Tanker,tanker
238119000,Cargo,bulk carrier
238234000,Cargo,bulk carrier
238243000,Cargo,bulk carrier
238260000,Cargo,bulk carrier
238262000,Cargo,bulk carrier
238263000,Cargo,bulk carrier
238264000,Cargo,bulk carrier
238303000,Cargo,bulk carrier
239574000,Tanker,tanker
239883000,Cargo,bulk carrier
240011000,Tanker,tanker
240044000,Cargo,bulk carrier
240061000,Tanker,tanker
240067000,Tanker,tanker
240111000,Cargo,bulk carrier
240127000,Tanker,tanker
240148000,Cargo,bulk carrier
240275000,Tanker,tanker
240437000,Tanker,tanker
240515000,Tanker,tanker
240516000,Tanker,tanker
240584000,Tanker,tanker
240593000,Tanker,tanker
240657000,Tanker,tanker
240775000,Cargo,bulk carrier
240825000,Tanker,tanker
240850000,Cargo,bulk carrier
240894000,Tanker,tanker
240916000,Cargo,bulk carrier
240973000,Tanker,tanker
240982000,Cargo,bulk carrier
241007000,Tanker,tanker
241055000,Tanker,tanker
241069000,Cargo,bulk carrier
241102000,Cargo,bulk carrier
241220000,Tanker,tanker
241243000,Tanker,tanker
241290000,Tanker,tanker
244153221,Passenger,sail
244162000,Cargo,cargo
244170000,Cargo,cargo
244542000,,reefer
244573180,Passenger,yacht
244690309,Passenger,sail
244707000,Cargo,cargo
244780262,Passenger,yacht
244826000,Cargo,cargo
245005000,Cargo,cargo
245094000,Tanker,tanker
245196000,Tanker,tanker
245409000,Unclassified,reefer
245483000,Cargo,cargo
245723000,Unclassified,reefer
245746000,Dredger,dredger
245785000,Unclassified,supply
245912000,Cargo,cargo
246021000,Trawler,
246428000,Unclassified,reefer
246579000,Tanker,tanker
246592000,Cargo,cargo
246614000,Cargo,cargo
246619000,Cargo,cargo
246620000,Cargo,cargo
246661000,Cargo,cargo
246733000,Cargo,cargo
246767000,Cargo,cargo
246771000,Cargo,cargo
246863000,Cargo,cargo
247002200,Cargo,cargo
247012900,Cargo,container
247107600,Unclassified,supply
247157100,Cargo,bulk carrier
247188100,Cargo,container
247190800,Cargo,container
247206900,Cargo,container
247227900,Tanker,tanker
247239700,Tanker,tanker
247240100,Tanker,tanker
247257400,Tanker,tanker
247283200,Tanker,tanker
247286500,Cargo,bulk carrier
247289600,Cargo,bulk carrier
247312400,Cargo,bulk carrier
247320490,Passenger,sail
247323600,Passenger,yacht
248087000,Cargo,bulk carrier
248171000,Cargo,cargo
248223000,Cargo,vehicle carrier
248225000,Cargo,vehicle carrier
248264000,Cargo,bulk carrier
248265000,Cargo,bulk carrier
248299000,Tanker,tanker
248327000,Tug,tug
248552000,Cargo,cargo
248565000,Cargo,bulk carrier
248571000,Tanker,tanker
248639000,Cargo,bulk carrier
248671000,Tanker,tanker
248775000,Cargo,bulk carrier
248825000,Cargo,bulk carrier
248827000,Cargo,bulk carrier
248852000,Cargo,bulk carrier
248909000,Cargo,bulk carrier
248950000,Cargo,container
248954000,Cargo,bulk carrier
248990000,Cargo,bulk carrier
249357000,Tanker,tanker
249458000,Tanker,tanker
249665000,Unclassified,reefer
249761000,Cargo,cargo
249778000,Tanker,tanker
249779000,Tanker,tanker
249816000,Passenger,sail
249842000,Tanker,tanker
249904000,Cargo,bulk carrier
249909000,Cargo,bulk carrier
251019110,Trawler,
251025110,Trawler,
251031110,Trawler,
251045000,Trawler,
251049110,Trawler,
251063000,Trawler,
251092000,Trawler,
251129000,Trawler,
251143110,Trawler,
251160110,Longliner,
251186110,Longliner,
251230110,Purse seine,
251240110,Trawler,
251391000,Purse seine,
251463000,Purse seine,
251519000,Trawler,
251531110,Longliner,
251537110,Longliner,
251802110,Longliner,
253036000,Passenger,yacht
253125000,Cargo,container
255804740,Tanker,tanker
255805260,Cargo,cargo
255805558,Cargo,container
255805571,Cargo,container
255805604,Cargo,container
256054000,Cargo,bulk carrier
256164000,Cargo,bulk carrier
256449000,Tanker,tanker
256697000,Tanker,tanker
256739000,Cargo,bulk carrier
256743000,Cargo,bulk carrier
256832000,Cargo,bulk carrier
256860000,Cargo,bulk carrier
256991000,Cargo,bulk carrier
257022000,Unclassified,research
257094000,Cargo,bulk carrier
257149000,Purse seine,
257225000,Longliner,
257248000,Trawler,
257310000,Cargo,cargo
257316000,Cargo,bulk carrier
257343000,Cargo,vehicle carrier
257402000,Cargo,bulk carrier
257429000,Cargo,bulk carrier
257460000,Cargo,bulk carrier
257462500,Longliner,
257554600,Trawler,
257565000,Cargo,bulk carrier
257594000,Cargo,bulk carrier
257613000,Cargo,bulk carrier
257625190,Passenger,sail
257672000,Cargo,bulk carrier
257686000,Cargo,vehicle carrier
257717000,Cargo,bulk carrier
257758000,Cargo,bulk carrier
257944490,Passenger,sail
257948000,Tanker,tanker
258045000,Trawler,
258052000,Trawler,
258090570,Passenger,sail
258228000,Purse seine,
258348000,Longliner,
258371000,Trawler,
258535000,Trawler,
258554310,Passenger,sail
258604000,Cargo,bulk carrier
258718000,Cargo,bulk carrier
258720000,Cargo,bulk carrier
258798000,Cargo,vehicle carrier
258831000,Cargo,bulk carrier
258871000,Unclassified,fish carrier
258931000,Tanker,tanker
258965000,Tanker,tanker
259082000,Tanker,tanker
259109000,Purse seine,
259180000,Purse seine,
259329000,Longliner,
259363000,Longliner,
259375000,Purse seine,
259380000,Longliner,
259457000,Longliner,
259474000,Longliner,
259545000,Cargo,vehicle carrier
259562000,Longliner,
259576000,Trawler,
259641000,Trawler,
259656000,Trawler,
259659000,Trawler,
259805000,Cargo,bulk carrier
259887000,Tanker,tanker
259895000,Cargo,bulk carrier
261021560,Passenger,sail
263501000,Trawler,
265718140,Passenger,sail
265884000,Cargo,vehicle carrier
266210000,Cargo,vehicle carrier
266211000,Cargo,vehicle carrier
266259000,Cargo,vehicle carrier
266338000,Cargo,vehicle carrier
269023000,Cargo,bulk carrier
269149000,Cargo,bulk carrier
271002661,Tanker,tanker
271002721,Cargo,bulk carrier
271042428,Cargo,bulk carrier
271043072,Cargo,bulk carrier
271043097,Cargo,bulk carrier
273213010,Trawler,
273217010,Trawler,
273219500,Trawler,
273240400,Trawler,
273291500,Trawler,
273292700,Trawler,
273293500,Trawler,
273295000,Trawler,
273295700,Trawler,
273296700,Trawler,
273297800,Trawler,
273298800,Trawler,
273310630,Longliner,
273313640,Longliner,
273315480,Trawler,
273315570,Longliner,
273317270,Trawler,
273339930,Trawler,
273341920,Trawler,
273347910,Trawler,
273350120,Trawler,
273350410,Trawler,
273350650,Trawler,
273350810,Trawler,
273351760,Trawler,
273352930,Longliner,
273354130,Longliner,
273355070,Trawler,
273356020,Trawler,
273356070,Trawler,
273357170,Trawler,
273358330,Trawler,
273359300,Trawler,
273359310,Trawler,
273359630,Trawler,
273410900,Trawler,
273411800,Trawler,
273413910,Trawler,
273423560,Trawler,
273423800,Trawler,
273425070,Trawler,
273427000,Trawler,
273428220,Trawler,
273429800,Trawler,
273431690,Longliner,
273432710,Tanker,tanker
273435020,Trawler,
273435850,Trawler,
273437550,Trawler,
273437810,Trawler,
273440840,Trawler,
273445230,Trawler,
273445250,Trawler,
273445310,Longliner,
273447080,Trawler,
273447860,Trawler,
273448120,Trawler,
273448750,Trawler,
273449380,Trawler,
273449620,Trawler,
273450230,Trawler,
273453080,Purse seine,
273514800,Trawler,
273517500,Trawler,
273517900,Trawler,
273525500,Trawler,
273525900,Trawler,
273526000,Trawler,
273527500,Trawler,
273527900,Trawler,
273555500,Trawler,
273556500,Trawler,
273563800,Trawler,
273564500,Trawler,
273565410,Trawler,
273567010,Trawler,
273613100,Trawler,
273811060,Trawler,
273811100,Trawler,
273811300,Trawler,
273812510,Trawler,
273813300,Trawler,
273815110,Trawler,
273817400,Trawler,
273819100,Trawler,
273819700,Trawler,
273820420,Trawler,
273821000,Trawler,
273822400,Trawler,
273825710,Trawler,
273827000,Trawler,
273840800,Longliner,
273840900,Longliner,
273842020,Trawler,
273842800,Longliner,
273843810,Trawler,
273844100,Longliner,
273844910,Trawler,
273845500,Trawler,
273845610,Trawler,
273845700,Longliner,
273845910,Trawler,
273846010,Trawler,
273846400,Longliner,
273846610,Trawler,
273846700,Longliner,
273846810,Purse seine,
273847110,Trawler,
273847400,Trawler,
273847700,Longliner,
273847900,Trawler,
273847910,Trawler,
273848100,Trawler,
273848210,Trawler,
273848700,Longliner,
273848710,Trawler,
273848910,Trawler,
273849520,Trawler,
273849700,Longliner,
273849910,Trawler,
273854000,Trawler,
273874000,Trawler,
273875100,Trawler,
273877500,Trawler,
273890100,Trawler,
273890710,Trawler,
273892110,Trawler,
273892610,Trawler,
273893400,Trawler,
273896000,Trawler,
273896100,Trawler,
273896300,Trawler,
273897500,Trawler,
273899000,Trawler,
273899100,Trawler,
273899600,Trawler,
275019000,Trawler,
276451000,Trawler,
277249000,Trawler,
277442000,Trawler,
303165000,,supply
303303000,Trawler,
303636000,Trawler,
304010909,Cargo,cargo
304164000,Cargo,cargo
304221000,Cargo,cargo
304225000,Cargo,cargo
304579000,Cargo,cargo
304679000,Cargo,cargo
304807000,Cargo,cargo
304868000,Cargo,cargo
304968000,Cargo,cargo
304977000,Passenger,yacht
304988000,Cargo,cargo
305048000,Cargo,cargo
305063000,Cargo,cargo
305078000,Cargo,cargo
305087000,Cargo,cargo
305097000,Cargo,cargo
305098000,Cargo,cargo
305121000,Cargo,cargo
305164000,Cargo,cargo
305223000,Cargo,cargo
305238000,Cargo,cargo
305255000,Cargo,cargo
305372000,Cargo,cargo
305384000,Cargo,cargo
305404000,Cargo,cargo
305461000,Cargo,cargo
305480000,Cargo,cargo
305523000,Cargo,bulk carrier
305538000,Cargo,container
305558000,Cargo,bulk carrier
305599000,Cargo,bulk carrier
305614000,Cargo,cargo
305628000,Cargo,cargo
305635000,Cargo,bulk carrier
305651000,Passenger,sail
305689000,Cargo,cargo
305704000,Cargo,cargo
305729000,Cargo,cargo
305730000,Cargo,cargo
305748000,Cargo,cargo
305749000,Cargo,cargo
305752000,Cargo,cargo
305756000,Cargo,cargo
305757000,Cargo,cargo
305774000,Cargo,cargo
305775000,Cargo,cargo
305792000,Cargo,cargo
305822000,Cargo,cargo
305847000,Cargo,cargo
305866000,Cargo,cargo
305871000,Cargo,cargo
305901000,Cargo,cargo
305951000,Cargo,bulk carrier
305973000,Cargo,cargo
306083000,Unclassified,reefer
306084000,Unclassified,reefer
306157000,Cargo,bulk carrier
306216000,Unclassified,reefer
306814000,Cargo,cargo
306839000,Tug,tug
306845000,Tug,tug
306872000,Unclassified,reefer
308438000,Unclassified,reefer
308529000,Cargo,cargo
308572000,Unclassified,reefer
308668000,Unclassified,reefer
308695000,Unclassified,timber carrier
308726000,Cargo,bulk carrier
308753000,Passenger,yacht
308789000,Cargo,bulk carrier
308795000,Cargo,cargo
308816000,Cargo,bulk carrier
308921000,Cargo,vehicle carrier
309022000,Tanker,tanker
309056000,Passenger,sail
309193000,Unclassified,reefer
309578000,Unclassified,reefer
309587000,Cargo,cargo
309617000,Cargo,cargo
309656000,Cargo,bulk carrier
309681000,Unclassified,reefer
309823000,Cargo,cargo
309841000,Unclassified,reefer
309847000,Cargo,bulk carrier
310478000,Tanker,tanker
310482000,Tanker,tanker
310534000,Tanker,tanker
310559000,Tanker,tanker
310560000,Cargo,bulk carrier
310563000,Passenger,yacht
310565000,Tanker,tanker
310570000,Passenger,sail
310608000,Cargo,bulk carrier
310621000,Cargo,bulk carrier
310637000,Cargo,bulk carrier
310641000,Tanker,tanker
310645000,Cargo,bulk carrier
310658000,Cargo,container
310679000,Tanker,tanker
311000083,Cargo,cargo
311000093,Passenger,ferry
311000102,Cargo,vehicle carrier
311000114,Cargo,cargo
311000117,Cargo,bulk carrier
311000135,Tanker,tanker
311000177,Cargo,bulk carrier
311000196,Cargo,vehicle carrier
311003100,Cargo,vehicle carrier
311003200,Cargo,vehicle carrier
311003400,Cargo,vehicle carrier
311008900,Cargo,bulk carrier
311010900,Cargo,bulk carrier
311016500,Cargo,bulk carrier
311022900,Tanker,tanker
311028600,Cargo,bulk carrier
311032500,Cargo,cargo
311033400,Cargo,bulk carrier
311035600,Cargo,bulk carrier
311037100,Cargo,bulk carrier
311037400,Cargo,cargo
311038900,Passenger,passenger
311040700,Cargo,vehicle carrier
311046600,Tanker,tanker
311046700,Tanker,tanker
311047400,Cargo,bulk carrier
311048300,Cargo,vehicle carrier
311049400,Cargo,bulk carrier
311052300,Cargo,cargo
311052700,Cargo,vehicle carrier
311054200,Cargo,bulk carrier
311054300,Cargo,vehicle carrier
311054900,Unclassified,reefer
311057200,Tanker,tanker
311060600,Cargo,bulk carrier
311062200,Unclassified,reefer
311062300,Unclassified,reefer
311062400,Unclassified,reefer
311064600,Cargo,bulk carrier
311069200,Tanker,tanker
311071100,Cargo,cargo
311071200,Cargo,cargo
311072100,Tanker,tanker
311072300,Cargo,vehicle carrier
311123000,Unclassified,reefer
311259000,Unclassified,timber carrier
311288000,Unclassified,timber carrier
311289000,Unclassified,reefer
311293000,Cargo,bulk carrier
311326000,Cargo,container
311433000,Unclassified,reefer
311447000,Unclassified,reefer
311554000,Cargo,bulk carrier
311588000,Cargo,container
311638000,Cargo,container
311641000,Cargo,container
311642000,Cargo,container
311664000,Unclassified,reefer
311665000,Unclassified,reefer
311667000,Unclassified,reefer
311695000,Cargo,vehicle carrier
311696000,Cargo,vehicle carrier
311697000,Cargo,vehicle carrier
311698000,Cargo,vehicle carrier
311702000,Tanker,tanker
311707000,Tanker,tanker
311708000,Tanker,tanker
311774000,Tanker,tanker
311824000,Tanker,tanker
311886000,Cargo,bulk carrier
311918000,Cargo,vehicle carrier
311919000,Cargo,vehicle carrier
311921000,Cargo,vehicle carrier
312022000,Unclassified,reefer
312027000,Trawler,
312060000,Trawler,
314011000,Unclassified,reefer
314012000,Unclassified,reefer
314232000,Unclassified,reefer
314277000,Cargo,cargo
314401000,Passenger,sail
316001412,Trawler,
316001821,Trawler,
316002445,Trawler,
316002916,Trawler,
316003182,Trawler,
316003349,Trawler,
316003365,Trawler,
316003459,Trawler,
316003513,Purse seine,
316004333,Trawler,
316004539,Trawler,
316004702,Trawler,
316004981,Trawler,
316005444,Trawler,
316005448,Trawler,
316005998,Trawler,
316006850,Trawler,
316006988,Trawler,
316007539,Trawler,
316007587,Trawler,
316009550,Trawler,
316009852,Trawler,
316011710,Cargo,bulk carrier
316011760,Trawler,
316012260,Trawler,
316014803,Trawler,
316015632,Trawler,
316016225,Trawler,
316016341,Trawler,
316018637,Cargo,bulk carrier
316018801,Passenger,sail
316018972,Passenger,sail
316019447,Trawler,
316020762,Trawler,
316023341,Cargo,bulk carrier
316023452,Trawler,
316023833,Trawler,
316025987,Passenger,sail
316026695,Cargo,bulk carrier
316111000,Trawler,
316323000,Trawler,
316327000,Passenger,sail
319008800,Passenger,sail
319011400,Passenger,sail
319012800,Passenger,yacht
319014500,Tanker,tanker
319015800,Cargo,vehicle carrier
319019400,Passenger,sail
319021600,Passenger,sail
319024000,Passenger,yacht
319027100,Passenger,yacht
319027500,Passenger,yacht
319030800,Cargo,bulk carrier
319033400,Passenger,yacht
319036200,Passenger,sail
319059800,Passenger,yacht
319076000,Cargo,bulk carrier
319198000,Passenger,yacht
319237000,Passenger,yacht
319305000,Passenger,yacht
319316000,Passenger,yacht
319326000,Passenger,yacht
319353000,Passenger,sail
319387000,Passenger,yacht
319409000,Cargo,vehicle carrier
319430000,Passenger,yacht
319436000,Passenger,yacht
319455000,Passenger,yacht
319459000,Tanker,tanker
319478000,Tanker,tanker
319545000,Tanker,tanker
319591000,Tanker,tanker
319605000,Tanker,tanker
319608000,Passenger,yacht
319638000,Passenger,yacht
319653000,Cargo,bulk carrier
319669000,Passenger,yacht
319676000,Passenger,yacht
319733000,Passenger,sail
319768000,Tanker,tanker
319855000,Passenger,yacht
319858000,Passenger,yacht
319885000,Cargo,vehicle carrier
319920000,Passenger,yacht
319937000,Passenger,yacht
329012540,Passenger,yacht
331119000,Trawler,
331155000,Trawler,
331165000,Trawler,
331277000,Longliner,
338053214,Passenger,yacht
338137000,Trawler,
338140000,Trawler,
338250000,Trawler,
338296000,Trawler,
338458000,Unclassified,supply
338494100,Trawler,
338517000,Unclassified,supply
338568000,Trawler,
338622000,Purse seine,
338626000,Trawler,
338644000,Unclassified,supply
338673000,Trawler,
338693000,Trawler,
345000010,Unclassified,supply
345009929,Tanker,tanker
345010033,Tug,tug
345010047,Unclassified,crane
345010050,Unclassified,supply
345030007,Tanker,tanker
345050018,Unclassified,supply
345070019,Tug,tug
345070032,Unclassified,supply
345070073,Unclassified,crew boat
345070120,Unclassified,supply
345070128,Unclassified,supply
345070139,Unclassified,crew boat
345070141,Cargo,cargo
345070151,Unclassified,supply
345070176,Unclassified,crew boat
345070212,Unclassified,supply
345070235,Unclassified,crew boat
345070238,Unclassified,crew boat
345070242,Unclassified,supply
345070248,Unclassified,supply
345070262,Unclassified,supply
345070269,Unclassified,crew boat
345070276,Unclassified,supply
345070293,Unclassified,supply
345070301,Unclassified,supply
345070303,Unclassified,supply
345070400,Unclassified,supply
345070705,Unclassified,supply
345080031,Purse seine,
345090004,Unclassified,supply
345140009,Tug,tug
345186001,Passenger,sail
345333333,Unclassified,supply
345971158,Unclassified,pilot
347014310,Passenger,yacht
349052425,Purse seine,
350107000,Purse seine,
350108000,Purse seine,
351029000,Tug,tug
351038000,Tanker,tanker
351053000,Cargo,bulk carrier
351075000,Tanker,tanker
351095000,Cargo,bulk carrier
351104000,Cargo,bulk carrier
351111000,Cargo,bulk carrier
351120000,Cargo,bulk carrier
351123000,Cargo,bulk carrier
351126000,Cargo,vehicle carrier
351132000,Cargo,bulk carrier
351134000,Cargo,bulk carrier
351137000,Cargo,vehicle carrier
351163000,Cargo,cargo
351176000,Cargo,bulk carrier
351206000,Tanker,tanker
351212000,Tanker,tanker
351217000,Cargo,container
351224000,Cargo,bulk carrier
351240000,Cargo,bulk carrier
351256000,Cargo,cargo
351271000,Cargo,bulk carrier
351319000,Unclassified,construction
351321000,Cargo,bulk carrier
351326000,Cargo,bulk carrier
351327000,Cargo,bulk carrier
351360000,Cargo,cargo
351392000,Cargo,vehicle carrier
351405000,Cargo,bulk carrier
351424000,Cargo,bulk carrier
351430000,Cargo,bulk carrier
351552000,Cargo,vehicle carrier
351554000,Cargo,container
351622000,Cargo,container
351629000,Cargo,bulk carrier
351638000,Cargo,bulk carrier
351682000,Cargo,bulk carrier
351696000,Tanker,tanker
351733000,Cargo,vehicle carrier
351747000,Unclassified,reefer
351763000,Unclassified,reefer
351772000,Cargo,bulk carrier
351776000,Unclassified,reefer
351801000,Cargo,cargo
351854000,Cargo,bulk carrier
351861000,Cargo,container
351863000,Cargo,container
351867000,Cargo,bulk carrier
351901000,Dredger,dredger
351991000,Cargo,bulk carrier
352011000,Cargo,bulk carrier
352057000,Tanker,tanker
352083000,Cargo,bulk carrier
352108000,Cargo,bulk carrier
352116000,Unclassified,research
352158000,Cargo,bulk carrier
352202000,Cargo,bulk carrier
352297000,Cargo,vehicle carrier
352301000,Cargo,bulk carrier
352310000,Cargo,bulk carrier
352317000,Tanker,tanker
352337000,Cargo,bulk carrier
352355000,Cargo,bulk carrier
352363000,Unclassified,supply
352386000,Cargo,cargo
352401000,Tanker,tanker
352408000,Unclassified,reefer
352419000,Purse seine,
352425000,Cargo,bulk carrier
352453000,Cargo,bulk carrier
352467000,Cargo,timber carrier
352475000,Unclassified,reefer
352487000,Cargo,bulk carrier
352520000,Cargo,bulk carrier
352545000,Unclassified,reefer
352553000,Cargo,bulk carrier
352555000,Tanker,tanker
352565000,Tanker,tanker
352582000,Cargo,bulk carrier
352590000,Cargo,bulk carrier
352610000,Unclassified,reefer
352633000,Cargo,bulk carrier
352707000,Cargo,cargo
352715000,Cargo,bulk carrier
352721000,Cargo,cargo
352740000,Cargo,bulk carrier
352745000,Cargo,vehicle carrier
352751000,Cargo,container
352784000,Unclassified,reefer
352844000,Unclassified,reefer
352853000,Cargo,container
352858000,Cargo,bulk carrier
352871000,Cargo,container
352879000,Cargo,vehicle carrier
352908000,Cargo,cargo
352960000,Cargo,vehicle carrier
352981000,Cargo,cargo
353006000,Cargo,cargo
353018000,Cargo,bulk carrier
353047000,Cargo,bulk carrier
353059000,Cargo,container
353084000,Tanker,tanker
353114000,Cargo,bulk carrier
353135000,Cargo,bulk carrier
353199000,Cargo,cargo
353200000,Cargo,bulk carrier
353234000,Unclassified,supply
353237000,Cargo,bulk carrier
353242000,Unclassified,reefer
353244000,Tanker,tanker
353246000,Cargo,bulk carrier
353260000,Cargo,bulk carrier
353262000,Cargo,cargo
353295000,Cargo,container
353297000,Cargo,bulk carrier
353320000,Cargo,bulk carrier
353381000,Cargo,bulk carrier
353391000,Unclassified,utility
353392000,Tanker,tanker
353478000,Cargo,bulk carrier
353490000,Purse seine,
353512000,Cargo,bulk carrier
353532000,Cargo,bulk carrier
353548000,Tanker,tanker
353576000,Tanker,tanker
353578000,Cargo,bulk carrier
353601000,Cargo,cargo
353691000,Cargo,bulk carrier
353698000,Cargo,vehicle carrier
353728000,Cargo,container
353768000,Cargo,bulk carrier
353770000,Purse seine,
353804000,Cargo,cargo
353860000,Cargo,bulk carrier
353894412,Cargo,cargo
353903000,Cargo,container
353911000,Cargo,bulk carrier
353933000,Cargo,bulk carrier
353937000,Unclassified,reefer
353959000,Cargo,bulk carrier
353962000,Tanker,tanker
353981000,Unclassified,reefer
354001000,Cargo,bulk carrier
354036000,Unclassified,reefer
354076000,Cargo,vehicle carrier
354093000,Cargo,bulk carrier
354136000,Tanker,tanker
354138000,Tanker,tanker
354183000,Cargo,bulk carrier
354197000,Cargo,bulk carrier
354232000,Cargo,bulk carrier
354255000,Tanker,tanker
354267000,Cargo,bulk carrier
354269000,Tanker,tanker
354322000,Cargo,bulk carrier
354331000,Tanker,tanker
354342000,Cargo,vehicle carrier
354343000,Cargo,cargo
354360000,Cargo,cargo
354361000,Cargo,bulk carrier
354370000,Cargo,vehicle carrier
354373000,Cargo,timber carrier
354410000,Cargo,vehicle carrier
354421000,Cargo,bulk carrier
354441000,Tanker,tanker
354469000,Unclassified,reefer
354487000,Cargo,vehicle carrier
354499000,Cargo,container
354526000,Cargo,bulk carrier
354561000,Cargo,bulk carrier
354569000,Cargo,bulk carrier
354593000,Passenger,passenger
354619000,Cargo,bulk carrier
354622000,Tanker,tanker
354636000,Tug,tug
354639000,Cargo,container
354658000,Cargo,bulk carrier
354662000,Cargo,vehicle carrier
354708000,Cargo,bulk carrier
354716000,Unclassified,reefer
354736000,Cargo,cargo
354765000,Cargo,bulk carrier
354766000,Cargo,bulk carrier
354803000,Cargo,bulk carrier
354813000,Cargo,container
354822000,Cargo,bulk carrier
354828000,Tanker,tanker
354851000,Cargo,container
354871000,Unclassified,reefer
354884000,Cargo,bulk carrier
354912000,Cargo,bulk carrier
354953000,Cargo,bulk carrier
354971000,Cargo,vehicle carrier
354988000,Cargo,cargo
354992000,Cargo,bulk carrier
355041000,Tug,tug
355056000,Cargo,bulk carrier
355061000,Cargo,bulk carrier
355063000,Cargo,bulk carrier
355067000,Cargo,bulk carrier
355087000,Cargo,container
355104000,Cargo,bulk carrier
355140000,Cargo,bulk carrier
355145000,Cargo,bulk carrier
355149000,Cargo,container
355166000,Cargo,bulk carrier
355170000,Cargo,bulk carrier
355174000,Cargo,bulk carrier
355178000,Cargo,bulk carrier
355187000,Cargo,bulk carrier
355193000,Purse seine,
355199000,Unclassified,reefer
355260000,Tanker,tanker
355284000,Tanker,tanker
355297000,Cargo,vehicle carrier
355333000,Cargo,bulk carrier
355336000,Cargo,bulk carrier
355385000,Cargo,bulk carrier
355388000,Tanker,tanker
355400000,Cargo,container
355416000,Cargo,cargo
355461000,Tanker,tanker
355467265,Tanker,tanker
355476000,Cargo,bulk carrier
355488000,Cargo,vehicle carrier
355494000,Tanker,tanker
355497000,Tanker,tanker
355540000,Cargo,bulk carrier
355565000,Cargo,bulk carrier
355624000,Cargo,bulk carrier
355643000,Unclassified,reefer
355649000,Cargo,vehicle carrier
355651000,Purse seine,
355655000,Cargo,bulk carrier
355680000,Cargo,cargo
355700000,Tanker,tanker
355708000,Cargo,vehicle carrier
355722000,Cargo,bulk carrier
355723000,Cargo,bulk carrier
355725000,Cargo,bulk carrier
355733000,Tanker,tanker
355760000,Cargo,cargo
355800000,Cargo,bulk carrier
355802000,Unclassified,reefer
355886000,Cargo,bulk carrier
355893000,Tug,tug
355909000,Tanker,tanker
355919000,Cargo,container
355920000,Tanker,tanker
355924000,Cargo,vehicle carrier
355953000,Cargo,bulk carrier
355966000,Unclassified,reefer
356013000,Cargo,bulk carrier
356022000,Cargo,bulk carrier
356046000,Cargo,bulk carrier
356050000,Cargo,bulk carrier
356093000,Cargo,container
356112000,Cargo,container
356136000,Cargo,vehicle carrier
356161000,Unclassified,timber carrier
356192000,Cargo,bulk carrier
356194000,Cargo,bulk carrier
356212000,Tanker,tanker
356315000,Cargo,bulk carrier
356337000,Cargo,bulk carrier
356343000,Cargo,vehicle carrier
356349000,Cargo,container
356388000,Cargo,bulk carrier
356394000,Purse seine,
356412000,Cargo,bulk carrier
356433000,Cargo,bulk carrier
356434000,Cargo,vehicle carrier
356447000,Tanker,tanker
356452000,Cargo,bulk carrier
356466000,Tanker,tanker
356473000,Cargo,vehicle carrier
356490000,Cargo,bulk carrier
356496000,Cargo,bulk carrier
356517000,Unclassified,reefer
356541000,Cargo,vehicle carrier
356560000,Cargo,vehicle carrier
356582000,Cargo,vehicle carrier
356673000,Tanker,tanker
356676000,Cargo,bulk carrier
356696000,Cargo,vehicle carrier
356702000,Tanker,tanker
356703000,Cargo,container
356732000,Cargo,vehicle carrier
356737000,Purse seine,
356760000,Cargo,bulk carrier
356773000,Tanker,tanker
356829000,Cargo,bulk carrier
356839000,Cargo,bulk carrier
356878000,Unclassified,reefer
356936000,Cargo,bulk carrier
356956000,Cargo,vehicle carrier
356977000,Cargo,bulk carrier
356990000,Cargo,cargo
357013000,Cargo,bulk carrier
357037000,Cargo,vehicle carrier
357041000,Unclassified,reefer
357070000,Cargo,bulk carrier
357074000,Cargo,vehicle carrier
357101000,Cargo,container
357103000,Cargo,bulk carrier
357169000,Cargo,cargo
357203000,Cargo,bulk carrier
357275000,Cargo,vehicle carrier
357319000,Cargo,bulk carrier
357336000,Cargo,vehicle carrier
357379000,Cargo,bulk carrier
357383000,Tanker,tanker
357475000,Cargo,bulk carrier
357493000,Cargo,container
357497000,Unclassified,reefer
357499000,Cargo,bulk carrier
357509000,Cargo,bulk carrier
357510000,Cargo,bulk carrier
357513000,Cargo,cargo
357547000,Cargo,container
357656000,Cargo,bulk carrier
357682000,Cargo,vehicle carrier
357684000,Cargo,bulk carrier
357711000,Cargo,bulk carrier
357721000,Cargo,container
357726000,Cargo,cargo
357735000,Unclassified,reefer
357736000,Tanker,tanker
357737000,Cargo,container
357743000,Cargo,bulk carrier
357760000,Cargo,vehicle carrier
357795000,Cargo,vehicle carrier
357802000,Cargo,vehicle carrier
357812000,Cargo,bulk carrier
357870000,Cargo,bulk carrier
357874000,Cargo,container
357876000,Cargo,bulk carrier
357900000,Cargo,vehicle carrier
357925000,Unclassified,reefer
357949000,Cargo,bulk carrier
357957000,Cargo,vehicle carrier
357984000,Cargo,bulk carrier
357994000,Cargo,bulk carrier
357997000,Cargo,bulk carrier
359001000,Purse seine,
366047000,Trawler,
366207630,Trawler,
366222330,Trawler,
366264360,Trawler,
366408250,Trawler,
366425240,Trawler,
366468000,Trawler,
366479000,Cargo,vehicle carrier
366499000,Trawler,
366691880,Trawler,
366738920,Trawler,
366744320,Trawler,
366799770,Tug,tug
366820000,Longliner,
366825780,Unclassified,supply
366860000,Trawler,
366864000,Trawler,
366886050,Passenger,sail
366946150,Tug,tug
366951240,Tug,tug
366953860,Tug,tug
366971710,Tug,tug
366971830,Tug,tug
366973590,Unclassified,pilot
366974890,Unclassified,research
366978060,Trawler,
366978110,Trawler,
366988470,Tug,tug
366993790,Trawler,
367004010,Tug,tug
367006240,Tug,tug
367032060,Trawler,
367036790,Passenger,sail
367038990,Trawler,
367056452,Trawler,
367057890,Tug,tug
367058040,Unclassified,supply
367066070,Tug,tug
367070510,Unclassified,research
367073540,Passenger,yacht
367077510,Passenger,sail
367078130,Trawler,
367082010,Trawler,
367082710,Trawler,
367083560,Trawler,
367084590,Trawler,
367086760,Trawler,
367090940,Passenger,sail
367092210,Tug,tug
367094720,Tug,tug
367095660,Tug,tug
367109630,Passenger,sail
367120350,Passenger,sail
367123140,Passenger,sail
367142010,Passenger,yacht
367142710,Tug,tug
367147290,Passenger,sail
367156340,Trawler,
367158250,Tug,tug
367161350,Trawler,
367162190,Trawler,
367169090,Tug,tug
367172050,Passenger,sail
367307120,Tug,tug
367317000,Trawler,
367331830,Tug,tug
367346310,Tug,tug
367354780,Tug,tug
367362460,Tug,tug
367390380,Trawler,
367392030,Tug,tug
367399910,Trawler,
367402560,Tug,tug
367402730,Tug,tug
367405000,Trawler,
367412610,Tug,tug
367426420,Trawler,
367447000,Unclassified,supply
367455690,Purse seine,
367458670,Tug,tug
367479750,Trawler,
367490000,Trawler,
367491070,Tug,tug
367494710,Purse seine,
367514650,Tug,tug
367522830,Trawler,
367528000,Trawler,
367532880,Tug,tug
367533040,Tug,tug
367536660,Tug,tug
367571460,Trawler,
367603000,Trawler,
367618000,Trawler,
367650000,Trawler,
367694000,Trawler,
368032000,Trawler,
368085000,Trawler,
368206000,Trawler,
368235000,Unclassified,supply
368240000,Tug,tug
368371000,Trawler,
368412000,Trawler,
368548000,Trawler,
368996000,Unclassified,research
369531000,Trawler,
369970629,Tug,tug
370030000,Cargo,bulk carrier
370078000,Cargo,bulk carrier
370087000,Cargo,bulk carrier
370120000,Tug,tug
370128000,Cargo,bulk carrier
370135000,Cargo,bulk carrier
370157000,Cargo,vehicle carrier
370248000,Tug,tug
370261000,Cargo,cargo
370289000,Cargo,container
370305000,Unclassified,reefer
370326000,Cargo,bulk carrier
370351000,Cargo,bulk carrier
370387000,Cargo,cargo
370475000,Cargo,cargo
370516000,Cargo,bulk carrier
370552000,Cargo,vehicle carrier
370613000,Tanker,tanker
370662000,Cargo,cargo
370668000,Tanker,tanker
370687000,Tanker,tanker
370694000,Cargo,bulk carrier
370711000,Tanker,tanker
370779000,Cargo,vehicle carrier
370808000,Cargo,vehicle carrier
370815000,Cargo,bulk carrier
370867000,Cargo,bulk carrier
370941000,Unclassified,supply
370947000,Cargo,cargo
370971000,Cargo,bulk carrier
371004000,Cargo,bulk carrier
371016000,Cargo,vehicle carrier
371074000,Cargo,bulk carrier
371093000,Cargo,cargo
371106000,Purse seine,
371161000,Cargo,bulk carrier
371185000,Cargo,vehicle carrier
371216000,Purse seine,
371224000,Purse seine,
371228000,Cargo,container
371269000,Cargo,bulk carrier
371286000,Cargo,bulk carrier
371293000,Cargo,cargo
371318000,Cargo,vehicle carrier
371401000,Tanker,tanker
371421000,Cargo,bulk carrier
371428000,Cargo,cargo
371444000,Cargo,bulk carrier
371463000,Cargo,bulk carrier
371549000,Cargo,bulk carrier
371555000,Cargo,bulk carrier
371654658,Cargo,cargo
371693000,Cargo,bulk carrier
371696000,Purse seine,
371701000,Cargo,bulk carrier
371716000,Cargo,cargo
371741000,Tanker,tanker
371752000,Cargo,container
371758000,Cargo,bulk carrier
371759000,Purse seine,
371789000,Purse seine,
371799000,Cargo,container
371810000,Cargo,bulk carrier
371886000,Cargo,bulk carrier
371919000,Cargo,bulk carrier
371924000,Tanker,tanker
371936000,Tanker,tanker
371945000,Cargo,cargo
371952000,Cargo,bulk carrier
371961000,Cargo,container
371965000,Cargo,vehicle carrier
371969000,Tanker,tanker
371977000,Cargo,bulk carrier
372011000,Tug,tug
372044000,Cargo,bulk carrier
372050000,Cargo,container
372062000,Cargo,cargo
372083000,Cargo,bulk carrier
372097000,Cargo,vehicle carrier
372270000,Cargo,bulk carrier
372279000,Cargo,bulk carrier
372296000,Cargo,bulk carrier
372371000,Cargo,cargo
372431000,Cargo,bulk carrier
372483000,Cargo,bulk carrier
372516000,Cargo,vehicle carrier
372527000,Purse seine,
372594000,Purse seine,
372714000,Cargo,bulk carrier
372727000,Cargo,vehicle carrier
372736000,Cargo,container
372742000,Cargo,cargo
372747000,Cargo,vehicle carrier
372802000,Cargo,vehicle carrier
372808000,Passenger,passenger
372850000,Cargo,bulk carrier
372866000,Unclassified,supply
372880000,Purse seine,
372907000,Cargo,bulk carrier
372910000,Unclassified,reefer
372920000,Tanker,tanker
372967000,Cargo,bulk carrier
372973000,Cargo,container
372981000,Cargo,vehicle carrier
373039000,Unclassified,reefer
373049000,Cargo,bulk carrier
373132000,Cargo,bulk carrier
373155000,Cargo,bulk carrier
373166000,Cargo,bulk carrier
373176000,Cargo,bulk carrier
373231000,Cargo,bulk carrier
373271000,Cargo,bulk carrier
373320000,Cargo,cargo
373334000,Cargo,bulk carrier
373351000,Cargo,bulk carrier
373393000,Cargo,bulk carrier
373425000,Cargo,bulk carrier
373431000,Cargo,bulk carrier
373445000,Cargo,bulk carrier
373487000,Cargo,bulk carrier
373495000,Cargo,bulk carrier
373506000,Cargo,bulk carrier
373555000,Cargo,bulk carrier
373575000,Cargo,bulk carrier
373640000,Cargo,cargo
373656000,Cargo,bulk carrier
373667000,Cargo,bulk carrier
373691000,Cargo,bulk carrier
373693000,Cargo,bulk carrier
373759000,Cargo,bulk carrier
373789000,Cargo,bulk carrier
373817000,Cargo,vehicle carrier
373821000,Cargo,cargo
373837000,Cargo,bulk carrier
373872000,Cargo,bulk carrier
373884000,Cargo,bulk carrier
373940000,Cargo,bulk carrier
373949000,Cargo,bulk carrier
376255000,Tug,tug
376258000,Tug,tug
376513000,Tug,tug
376602000,Trawler,
376746000,Cargo,cargo
412003000,Cargo,container
412122000,Cargo,container
412442870,Cargo,cargo
412442890,Cargo,cargo
413065000,Cargo,container
413072000,Cargo,container
413076000,Cargo,container
413090000,Tanker,tanker
413338000,Cargo,bulk carrier
413360000,Cargo,bulk carrier
413828000,Cargo,bulk carrier
414073000,Cargo,bulk carrier
419547000,Tanker,tanker
419665000,Cargo,bulk carrier
419735000,Cargo,bulk carrier
431022000,Longliner,
431100850,Purse seine,
431154000,Longliner,
431155000,Purse seine,
431159000,Purse seine,
431182000,Longliner,
431206000,Longliner,
431316000,Longliner,
431331000,Purse seine,
431379000,Longliner,
431395000,Longliner,
431397000,Trawler,
431399000,Purse seine,
431465000,Trawler,
431602890,Longliner,
431619000,Trawler,
431682000,Longliner,
431700260,Longliner,
431704230,Longliner,
431704490,Longliner,
431704520,Longliner,
431726000,Trawler,
431802000,Longliner,
431812000,Purse seine,
431866000,Purse seine,
431873000,Longliner,
431889000,Longliner,
431932000,Purse seine,
432226000,Longliner,
432261000,Purse seine,
432306000,Longliner,
432343000,Longliner,
432346000,Longliner,
432353000,Longliner,
432374000,Longliner,
432410000,Purse seine,
432438000,Purse seine,
432448000,Longliner,
432461000,Longliner,
432487000,Purse seine,
432564000,Purse seine,
432626000,Longliner,
432649000,Cargo,cargo
432665000,Cargo,bulk carrier
432666000,Cargo,cargo
432685000,Purse seine,
432708000,Purse seine,
432723000,Cargo,bulk carrier
432726000,Purse seine,
432738000,Purse seine,
432824000,Cargo,bulk carrier
432847000,Cargo,bulk carrier
432856000,Longliner,
432914000,Longliner,
432924000,Longliner,
432927000,Trawler,
435509448,Cargo,cargo
440097000,Purse seine,
440101000,Purse seine,
440222000,Purse seine,
440363000,Cargo,bulk carrier
440397000,Cargo,bulk carrier
441124000,Cargo,bulk carrier
441154000,Cargo,bulk carrier
441408000,Cargo,bulk carrier
441688000,Cargo,cargo
441725000,Unclassified,reefer
441829000,Cargo,bulk carrier
441863000,Cargo,bulk carrier
441897000,Cargo,bulk carrier
441947000,Cargo,bulk carrier
441963000,Cargo,bulk carrier
441970000,Cargo,bulk carrier
477001300,Cargo,cargo
477007300,Cargo,bulk carrier
477013200,Cargo,bulk carrier
477047900,Tanker,tanker
477051700,Cargo,bulk carrier
477071400,Tanker,tanker
477071600,Cargo,bulk carrier
477095800,Cargo,bulk carrier
477107300,Tanker,tanker
477144100,Cargo,bulk carrier
477144200,Cargo,cargo
477167500,Cargo,bulk carrier
477171000,Tanker,tanker
477174500,Cargo,bulk carrier
477177600,Tanker,tanker
477179000,Cargo,bulk carrier
477182600,Cargo,bulk carrier
477190100,Tanker,tanker
477195700,Cargo,bulk carrier
477201500,Tanker,tanker
477218100,Cargo,bulk carrier
477220600,Cargo,bulk carrier
477229900,Tanker,tanker
477250400,Cargo,bulk carrier
477266900,Cargo,container
477280100,Cargo,bulk carrier
477282800,Cargo,bulk carrier
477299000,Cargo,bulk carrier
477317300,Cargo,bulk carrier
477346300,Cargo,bulk carrier
477351300,Tanker,tanker
477389200,Cargo,bulk carrier
477415700,Tanker,tanker
477514600,Cargo,bulk carrier
477520400,Cargo,bulk carrier
477530000,Cargo,cargo
477535400,Cargo,cargo
477535900,Cargo,bulk carrier
477559600,Cargo,cargo
477586000,Cargo,bulk carrier
477598300,Cargo,bulk carrier
477607500,Tanker,tanker
477610000,Cargo,bulk carrier
477612900,Cargo,bulk carrier
477656400,Cargo,cargo
477657600,Cargo,cargo
477690800,Cargo,container
477691700,Cargo,bulk carrier
477720100,Cargo,bulk carrier
477733700,Tanker,tanker
477733900,Tanker,tanker
477739400,Cargo,bulk carrier
477744108,Cargo,cargo
477746200,Cargo,bulk carrier
477746800,Tanker,tanker
477752300,Cargo,container
477752900,Cargo,bulk carrier
477757000,Cargo,bulk carrier
477768200,Tanker,tanker
477787000,Cargo,bulk carrier
477794000,Cargo,bulk carrier
477812900,Cargo,bulk carrier
477832800,Cargo,bulk carrier
477864000,Cargo,bulk carrier
477878000,Cargo,cargo
477880600,Cargo,bulk carrier
477925100,Cargo,bulk carrier
477925200,Cargo,bulk carrier
477926300,Cargo,bulk carrier
477947600,Cargo,container
477950600,Tanker,tanker
477991800,Cargo,bulk carrier
477996500,Cargo,bulk carrier
503741000,Passenger,yacht
512093000,Passenger,sail
515777000,Longliner,
518000019,Passenger,sail
529126000,Tanker,tanker
529244000,Unclassified,reefer
529354000,Longliner,
529523000,Longliner,
529765000,Purse seine,
533047200,Tanker,tanker
533047300,Cargo,bulk carrier
533678000,Tanker,tanker
538001400,Tanker,tanker
538001560,Tanker,tanker
538001594,Tanker,tanker
538001657,Cargo,vehicle carrier
538001711,Tanker,tanker
538001717,Unclassified,platform
538002150,Tanker,tanker
538002187,Tanker,tanker
538002269,Tanker,tanker
538002270,Tanker,tanker
538002271,Tanker,tanker
538002274,Tanker,tanker
538002275,Tanker,tanker
538002277,Tanker,tanker
538002278,Tanker,tanker
538002279,Tanker,tanker
538002282,Unclassified,chemicals
538002295,Tanker,tanker
538002353,Cargo,bulk carrier
538002445,Unclassified,platform
538002621,Tanker,tanker
538002662,Tanker,tanker
538002663,Tanker,tanker
538002743,Cargo,bulk carrier
538002756,Tanker,tanker
538002760,Cargo,bulk carrier
538002775,Tanker,tanker
538002820,Cargo,bulk carrier
538002869,Tanker,tanker
538002876,Cargo,bulk carrier
538002910,Tanker,tanker
538002946,Tanker,tanker
538002947,Tanker,tanker
538003045,Cargo,bulk carrier
538003166,Cargo,bulk carrier
538003279,Tanker,tanker
538003345,Cargo,bulk carrier
538003424,Cargo,bulk carrier
538003468,Cargo,bulk carrier
538003477,Cargo,bulk carrier
538003522,Cargo,bulk carrier
538003539,Cargo,bulk carrier
538003544,Unclassified,supply
538003594,Cargo,vehicle carrier
538003667,Tanker,tanker
538003673,Tanker,tanker
538003683,Cargo,bulk carrier
538003689,Cargo,bulk carrier
538003690,Cargo,bulk carrier
538003695,Cargo,bulk carrier
538003756,Tanker,tanker
538003788,Cargo,bulk carrier
538003824,Tanker,tanker
538003831,Cargo,vehicle carrier
538003858,Tanker,tanker
538003976,Cargo,bulk carrier
538003981,Cargo,bulk carrier
538004017,Tanker,tanker
538004030,Tanker,tanker
538004053,Cargo,bulk carrier
538004055,Cargo,cargo
538004070,Cargo,bulk carrier
538004080,Cargo,bulk carrier
538004091,Cargo,vehicle carrier
538004146,Tanker,tanker
538004149,Tanker,tanker
538004150,Tanker,tanker
538004235,Tanker,tanker
538004255,Tanker,tanker
538004266,Cargo,bulk carrier
538004288,Cargo,bulk carrier
538004299,Cargo,bulk carrier
538004321,Tanker,tanker
538004355,Cargo,bulk carrier
538004375,Tanker,tanker
538004376,Tanker,tanker
538004381,Tanker,tanker
538004426,Cargo,bulk carrier
538004442,Tanker,tanker
538004477,Cargo,bulk carrier
538004492,Cargo,bulk carrier
538004594,Tanker,tanker
538004604,Cargo,bulk carrier
538004660,Cargo,vehicle carrier
538004729,Unclassified,reefer
538004731,Unclassified,reefer
538004732,Unclassified,reefer
538004740,Cargo,bulk carrier
538004783,Cargo,bulk carrier
538004786,Tanker,tanker
538004793,Cargo,bulk carrier
538004806,Cargo,container
538004919,Tanker,tanker
538004921,Cargo,bulk carrier
538004927,Cargo,container
538005032,Cargo,bulk carrier
538005038,Unclassified,reefer
538005044,Cargo,bulk carrier
538005181,Cargo,bulk carrier
538005241,Cargo,bulk carrier
538070803,Passenger,yacht
538070838,Passenger,yacht
538080008,Passenger,yacht
538080020,Passenger,sail
538090150,Cargo,bulk carrier
538090360,Cargo,bulk carrier
538090426,Cargo,bulk carrier
538090461,Cargo,container
541320031,Longliner,
548457000,Cargo,cargo
548722000,Cargo,bulk carrier
548749000,Cargo,cargo
548801000,Cargo,bulk carrier
563063000,Cargo,bulk carrier
563074000,Cargo,cargo
563171000,Cargo,cargo
563188000,Tanker,tanker
563255000,Cargo,vehicle carrier
563258000,Cargo,container
563267000,Cargo,container
563290000,Tanker,tanker
563447000,Cargo,bulk carrier
563508000,Cargo,container
563707000,Tanker,tanker
563710000,Cargo,vehicle carrier
563847000,Tanker,tanker
563898000,Cargo,bulk carrier
563926000,Tug,tug
563944000,Tanker,tanker
563952000,Tanker,tanker
564010000,Cargo,cargo
564053000,Cargo,container
564067000,Cargo,container
564081000,Tanker,tanker
564107000,Cargo,bulk carrier
564254000,Cargo,vehicle carrier
564386000,Cargo,container
564398000,Cargo,container
564399000,Cargo,container
564448000,Cargo,bulk carrier
564535000,Cargo,bulk carrier
564646000,Tanker,tanker
564708000,Cargo,cargo
564753000,Cargo,vehicle carrier
564862000,Cargo,cargo
564958000,Tanker,tanker
564983000,Cargo,bulk carrier
565037000,Unclassified,supply
565048000,Cargo,cargo
565082000,Unclassified,platform
565232000,Cargo,bulk carrier
565302000,Cargo,vehicle carrier
565317000,Cargo,bulk carrier
565344000,Cargo,vehicle carrier
565389000,Tanker,tanker
565431000,Cargo,cargo
565568000,Tanker,tanker
565599000,Cargo,vehicle carrier
565639000,Tanker,tanker
565674000,Cargo,bulk carrier
565714000,Cargo,bulk carrier
565717000,Tanker,tanker
565735000,Cargo,container
565788000,Tanker,tanker
565793000,Tanker,tanker
565821000,Tanker,tanker
565868000,Cargo,bulk carrier
565909000,Cargo,container
565964000,Cargo,vehicle carrier
565983000,Cargo,vehicle carrier
565998000,Cargo,bulk carrier
566032000,Cargo,cargo
566083000,Cargo,vehicle carrier
566085000,Cargo,vehicle carrier
566086000,Cargo,vehicle carrier
566111000,Cargo,bulk carrier
566141000,Tanker,tanker
566237000,Cargo,bulk carrier
566253000,Tanker,tanker
566380000,Cargo,bulk carrier
566384000,Cargo,bulk carrier
566395000,Cargo,bulk carrier
566524000,Cargo,bulk carrier
566549000,Tanker,tanker
566609000,Cargo,bulk carrier
566641000,Cargo,bulk carrier
566674000,Cargo,bulk carrier
566688000,Cargo,bulk carrier
566689000,Cargo,cargo
566739000,Tanker,tanker
566787000,Cargo,bulk carrier
566827000,Cargo,cargo
566828000,Cargo,container
566886000,Cargo,container
566933000,Cargo,container
566942000,Cargo,container
566980000,Tanker,tanker
567168000,Cargo,cargo
576034000,Unclassified,supply
576063000,Cargo,bulk carrier
576262000,Purse seine,
576327000,Cargo,cargo
576411000,Unclassified,reefer
576497000,Trawler,
576507000,Cargo,cargo
576768000,Cargo,bulk carrier
576836000,Cargo,bulk carrier
577089000,Cargo,cargo
577182000,Tug,tug
616798000,Trawler,
636009174,Unclassified,reefer
636009381,Unclassified,reefer
636009672,Unclassified,reefer
636009832,Tanker,tanker
636010327,Cargo,bulk carrier
636011004,Unclassified,reefer
636011604,Tanker,tanker
636011656,Tanker,tanker
636011659,Tanker,tanker
636011980,Cargo,vehicle carrier
636012261,Unclassified,reefer
636012271,Tanker,tanker
636012731,Tanker,tanker
636012800,Tanker,tanker
636012884,Tanker,tanker
636013087,Tanker,tanker
636013235,Tanker,tanker
636013468,Cargo,bulk carrier
636013629,Cargo,cargo
636013651,Unclassified,reefer
636013839,Cargo,bulk carrier
636014118,Cargo,bulk carrier
636014311,Tanker,tanker
636014384,Tanker,tanker
636014461,Cargo,bulk carrier
636014472,Cargo,vehicle carrier
636014506,Tanker,tanker
636014572,Cargo,bulk carrier
636014622,Tanker,tanker
636014623,Tanker,tanker
636014629,Cargo,bulk carrier
636014645,Cargo,container
636014655,Unclassified,reefer
636014665,Tanker,tanker
636014797,Cargo,bulk carrier
636014805,Tanker,tanker
636014975,Cargo,bulk carrier
636015036,Tanker,tanker
636015078,Cargo,bulk carrier
636015094,Cargo,bulk carrier
636015110,Cargo,bulk carrier
636015142,Tanker,tanker
636015174,Tanker,tanker
636015175,Tanker,tanker
636015176,Tanker,tanker
636015177,Tanker,tanker
636015178,Tanker,tanker
636015230,Cargo,bulk carrier
636015292,Cargo,bulk carrier
636015312,Cargo,bulk carrier
636015410,Unclassified,oil tanker
636015422,Cargo,bulk carrier
636015515,Cargo,container
636015556,Tanker,tanker
636015593,Passenger,passenger
636015694,Cargo,bulk carrier
636015792,Cargo,bulk carrier
636015806,Cargo,container
636015850,Cargo,bulk carrier
636015884,Cargo,bulk carrier
636015980,Cargo,container
636015983,Cargo,bulk carrier
636016177,Cargo,container
636090217,Unclassified,reefer
636090299,Cargo,cargo
636090664,Cargo,cargo
636090816,Cargo,bulk carrier
636090819,Cargo,bulk carrier
636090822,Cargo,container
636090856,Cargo,container
636090921,Cargo,container
636090964,Cargo,container
636091007,Unclassified,reefer
636091015,Unclassified,reefer
636091016,Unclassified,reefer
636091058,Cargo,container
636091094,Tug,tug
636091103,Unclassified,reefer
636091122,Cargo,container
636091129,Cargo,container
636091198,Cargo,container
636091225,Cargo,container
636091275,Cargo,container
636091282,Cargo,bulk carrier
636091312,Cargo,cargo
636091324,Cargo,container
636091325,Cargo,container
636091472,Cargo,container
636091711,Cargo,bulk carrier
636091727,Cargo,bulk carrier
636091732,Cargo,container
636091751,Tug,tug
636091752,Tug,tug
636091753,Cargo,cargo
636091754,Tug,tug
636091756,Tug,tug
636091781,Cargo,container
636091788,Cargo,cargo
636091800,Cargo,container
636091813,Cargo,bulk carrier
636091880,Cargo,bulk carrier
636091919,Cargo,bulk carrier
636092031,Cargo,bulk carrier
636092035,Cargo,container
636092180,Tanker,tanker
636092259,Cargo,bulk carrier
636092303,Cargo,cargo
636092314,Cargo,cargo
636092369,Cargo,container
636092399,Unclassified,reefer
636092400,Unclassified,reefer
636092401,Tug,tug
636092406,Cargo,bulk carrier
636092424,Cargo,container
650766201,Purse seine,
710008510,Cargo,container
710009040,Cargo,container
725000818,Cargo,cargo
725019006,Passenger,sail
725019030,Tanker,tanker
730014000,Purse seine,
730015000,Purse seine,
730016000,Purse seine,
730017000,Purse seine,
730018000,Purse seine,
730019000,Purse seine,
730048000,Purse seine,
730049000,Purse seine,
730050000,Purse seine,
730051000,Purse seine,
730052000,Purse seine,
730059000,Purse seine,
735023470,Passenger,passenger
735023483,Passenger,passenger
735057501,Purse seine,
735057523,Purse seine,
735057549,Tanker,tanker
735057559,Purse seine,
735057561,Passenger,passenger
735057564,Purse seine,
735057565,Purse seine,
735057571,Tanker,tanker
735057573,Purse seine,
735057575,Passenger,passenger
735057587,Purse seine,
735057603,Passenger,passenger
735057606,Tanker,tanker
735057638,Purse seine,
735057642,Purse seine,
735057673,Passenger,sail
735057759,Tug,tug
735058003,Purse seine,
735058068,Passenger,passenger
735058141,Cargo,cargo
735058197,Tanker,tanker
735058229,Cargo,cargo
735058315,Tanker,tanker
735058805,Purse seine,
735058895,Cargo,cargo
735058906,Purse seine,
735058912,Purse seine,
735058913,Passenger,passenger
735059022,Passenger,passenger
735059023,Unclassified,patrol
735059027,Passenger,passenger
735059036,Unclassified,research
735059037,Passenger,sail
735059039,Passenger,passenger
735059040,Tanker,tanker
735059055,Unclassified,research
735059088,Purse seine,
735059089,Purse seine,
735059139,Passenger,yacht
735059140,Tanker,tanker
735059141,Unclassified,reefer
735059233,Longliner,
735059255,Longliner,
745004100,Trawler,
760000001,Purse seine,
774559424,Purse seine,
775000000,Purse seine,
775503000,Tanker,tanker
775602000,Purse seine,
775610060,Purse seine,
775613000,Purse seine,
775615000,Longliner,
775616000,Purse seine,
775626000,Purse seine,
775627000,Purse seine,
775628000,Purse seine,
775630000,Longliner,
983712160,Longliner,
986737000,Longliner,
987357559,Longliner,
987357573,Longliner,